"Function","Effective Time","Spin Time","Overhead Time","CPU Time: Self","Module","Function (Full)","Source File","Start Address"
"org::start::MatrixMultiplication$M::multiplyMatrices","2.30839","0","0","2.30839","[Compiled Java code]","org::start::MatrixMultiplication$M::multiplyMatrices(float[][], float[][], int)","MatrixMultiplication.java","0x1303d6b4060"
"JNI_CreateJavaVM","0.677265","0.136739","0","0.388368","jvm.dll","JNI_CreateJavaVM","[Unknown]","0x1803d6030"
"Interpreter","3.39962","0.0149529","0","0.316891","[Dynamic code]","Interpreter","[Unknown]","0x13044b28e80"
"NtWaitForAlertByThreadId","0.199339","0","0","0.199339","ntdll.dll","NtWaitForAlertByThreadId","[Unknown]","0x1800a2f50"
"java::util::regex::Pattern::split","0.182684","0","0","0.16675","[Compiled Java code]","java::util::regex::Pattern::split(java::lang::CharSequence, int)","Pattern.java","0x1303d64d420"
"func@0x1800c9a26","0","0.136739","0","0.136739","KERNELBASE.dll","func@0x1800c9a26","[Unknown]","0x1800c9a26"
"jdk::internal::math::FloatingDecimal$ASCIIToBinaryBuffer::floatValue","0.250846","0","0","0.101563","[Compiled Java code]","jdk::internal::math::FloatingDecimal$ASCIIToBinaryBuffer::floatValue()","FloatingDecimal.java","0x1303d61e480"
"jdk::internal::math::FloatingDecimal::readJavaFormatString","0.0914722","0","0","0.0914722","[Compiled Java code]","jdk::internal::math::FloatingDecimal::readJavaFormatString(java::lang::String)","FloatingDecimal.java","0x1303d611680"
"jdk::internal::math::FDBigInteger::leftShift","0.0893969","0","0","0.0893969","[Compiled Java code]","jdk::internal::math::FDBigInteger::leftShift(int)","FDBigInteger.java","0x1303d60f480"
"NtWaitForSingleObject","0","0.0558693","0","0.0558693","ntdll.dll","NtWaitForSingleObject","[Unknown]","0x18009f3e0"
"org::start::MatrixMultiplication$M::writeMatrix","0.105834","0","0","0.0457199","[Compiled Java code]","org::start::MatrixMultiplication$M::writeMatrix(float[][], java::lang::String)","MatrixMultiplication.java","0x1303d6cbe80"
"jdk::internal::math::FloatingDecimal$BinaryToASCIIBuffer::dtoa","0.0451502","0","0","0.0451502","[Compiled Java code]","jdk::internal::math::FloatingDecimal$BinaryToASCIIBuffer::dtoa(int, long, int, boolean)","FloatingDecimal.java","0x1303d6ba820"
"jdk::internal::math::FDBigInteger::valueOfMulPow52","0.0748009","0","0","0.044869","[Compiled Java code]","jdk::internal::math::FDBigInteger::valueOfMulPow52(long, int, int)","FDBigInteger.java","0x1303d628520"
"NtFreeVirtualMemory","0.0303872","0","0","0.0303872","ntdll.dll","NtFreeVirtualMemory","[Unknown]","0x18009f720"
"func@0x18069a4a0","0.0193728","0","0","0.0193728","jvm.dll","func@0x18069a4a0","[Unknown]","0x18069a4a0"
"func@0x180293de0","0.0318292","0","0","0.0192878","jvm.dll","func@0x180293de0","[Unknown]","0x180293de0"
"java::lang::String::subSequence","0.0253598","0","0","0.0159338","[Compiled Java code]","java::lang::String::subSequence(int, int)","String.java","0x1303d60d520"
"func@0x1801ef910","0.0158436","0","0","0.0158436","jvm.dll","func@0x1801ef910","[Unknown]","0x1801ef910"
"RtlQueryPerformanceCounter","0.0156881","0","0","0.0156881","ntdll.dll","RtlQueryPerformanceCounter","[Unknown]","0x1800104c0"
"java::lang::AbstractStringBuilder::appendChars","0.0156818","0","0","0.0156818","[Compiled Java code]","java::lang::AbstractStringBuilder::appendChars(char[], int, int)","AbstractStringBuilder.java","0x1303d6335a0"
"java::io::BufferedReader::readLine","0.0904343","0","0","0.0156571","[Compiled Java code]","java::io::BufferedReader::readLine(boolean, boolean[])","BufferedReader.java","0x1303d630340"
"java::util::Arrays::copyOf","0.0292781","0","0","0.0155681","[Compiled Java code]","java::util::Arrays::copyOf(byte[], int)","Arrays.java","0x1303d65c240"
"Java_java_io_FileInputStream_readBytes","0.0150599","0","0","0.0150599","java.dll","Java_java_io_FileInputStream_readBytes","[Unknown]","0x1800020d8"
"jdk::internal::math::FDBigInteger::leftInplaceSub","0.015017","0","0","0.015017","[Compiled Java code]","jdk::internal::math::FDBigInteger::leftInplaceSub(jdk::internal::math::FDBigInteger)","FDBigInteger.java","0x1303d623e00"
"java::lang::String::charAt","0.0149897","0","0","0.0149897","[Compiled Java code]","java::lang::String::charAt(int)","String.java","0x1303d600980"
"java::lang::StringCoding::implEncodeAsciiArray","0.0149635","0","0","0.0149635","[Compiled Java code]","java::lang::StringCoding::implEncodeAsciiArray(char[], int, byte[], int, int)","StringCoding.java","0x1303d6c8ec0"
"func@0x180247fcf","0","0.0149529","0","0.0149529","jvm.dll","func@0x180247fcf","[Unknown]","0x180247fcf"
"java::lang::StringBuilder::append","0.0597173","0","0","0.0147575","[Compiled Java code]","java::lang::StringBuilder::append(char[], int, int)","StringBuilder.java","0x1303d6748a0"
"func@0x18036c940","0.0144947","0","0","0.0144947","jvm.dll","func@0x18036c940","[Unknown]","0x18036c940"
"func@0x1803701a0","0.259261","0","0","0.0141574","jvm.dll","func@0x1803701a0","[Unknown]","0x1803701a0"
"func@0x1803cf6e0","0.0140748","1.03494e-05","0","0.0140852","jvm.dll","func@0x1803cf6e0","[Unknown]","0x1803cf6e0"
"func@0x180670e50","0.013958","0","0","0.013958","jvm.dll","func@0x180670e50","[Unknown]","0x180670e50"
"func@0x18031d110","0.0138925","0","0","0.0138925","jvm.dll","func@0x18031d110","[Unknown]","0x18031d110"
"func@0x18017f4f0","0.0137099","0","0","0.0137099","jvm.dll","func@0x18017f4f0","[Unknown]","0x18017f4f0"
"func@0x18006891e","0.0129729","0","0","0.0129729","KERNELBASE.dll","func@0x18006891e","[Unknown]","0x18006891e"
"func@0x180351970","0.0128771","0","0","0.0128771","jvm.dll","func@0x180351970","[Unknown]","0x180351970"
"func@0x1806a495f","0.0126412","0","0","0.0126412","jvm.dll","func@0x1806a495f","[Unknown]","0x1806a495f"
"func@0x1807c5130","0.0125414","0","0","0.0125414","jvm.dll","func@0x1807c5130","[Unknown]","0x1807c5130"
"func@0x180696560","0.0121943","0.0127816","0","0.0121943","jvm.dll","func@0x180696560","[Unknown]","0x180696560"
"func@0x1800bd9d0","0.0121641","0","0","0.0121641","jvm.dll","func@0x1800bd9d0","[Unknown]","0x1800bd9d0"
"func@0x1806290e0","0.0120988","0","0","0.0120988","jvm.dll","func@0x1806290e0","[Unknown]","0x1806290e0"
"func@0x180215280","0.0146694","0","0","0.0120654","jvm.dll","func@0x180215280","[Unknown]","0x180215280"
"func@0x180606350","0.0119608","0","0","0.0119608","jvm.dll","func@0x180606350","[Unknown]","0x180606350"
"func@0x18055bff0","0.0335657","0","0","0.0118643","jvm.dll","func@0x18055bff0","[Unknown]","0x18055bff0"
"func@0x18069a7d0","0.0114276","0","0","0.0114276","jvm.dll","func@0x18069a7d0","[Unknown]","0x18069a7d0"
"func@0x18055dbb0","0.0114011","0","0","0.0114011","jvm.dll","func@0x18055dbb0","[Unknown]","0x18055dbb0"
"func@0x18055f600","0.0217014","0","0","0.0103003","jvm.dll","func@0x18055f600","[Unknown]","0x18055f600"
"func@0x1806a7530","0.00942605","0","0","0.00942605","jvm.dll","func@0x1806a7530","[Unknown]","0x1806a7530"
"WriteFile","0.00527426","0","0","0.00527426","KERNELBASE.dll","WriteFile","[Unknown]","0x180026c70"
"SetFilePointerEx","0.00472868","0","0","0.00472868","KERNELBASE.dll","SetFilePointerEx","[Unknown]","0x180068890"
"func@0x180351ce0","0.00429778","0","0","0.00429778","jvm.dll","func@0x180351ce0","[Unknown]","0x180351ce0"
"func@0x180210560","0.00339238","0","0","0.00339238","jvm.dll","func@0x180210560","[Unknown]","0x180210560"
"func@0x1800b7e10","0.00328989","0","0","0.00328989","jvm.dll","func@0x1800b7e10","[Unknown]","0x1800b7e10"
"func@0x18003cff0","0.00316379","0","0","0.00316379","ntdll.dll","func@0x18003cff0","[Unknown]","0x18003cff0"
"func@0x180134b70","0.00288226","0","0","0.00288226","jvm.dll","func@0x180134b70","[Unknown]","0x180134b70"
"func@0x18006ba70","0.00260394","0","0","0.00260394","jvm.dll","func@0x18006ba70","[Unknown]","0x18006ba70"
"func@0x1804afe90","0","0.00244574","0","0.00244574","jvm.dll","func@0x1804afe90","[Unknown]","0x1804afe90"
"func@0x1802c2700","0.00236482","0","0","0.00236482","jvm.dll","func@0x1802c2700","[Unknown]","0x1802c2700"
"func@0x1801cbfd0","0.00121363","0","0","0.00121363","jvm.dll","func@0x1801cbfd0","[Unknown]","0x1801cbfd0"
"NtQueryInformationThread","4.30329e-05","0","0","4.30329e-05","ntdll.dll","NtQueryInformationThread","[Unknown]","0x18009f800"
"SleepConditionVariableCS","0.199388","0","0","2.57407e-05","KERNELBASE.dll","SleepConditionVariableCS","[Unknown]","0x180073160"
"RtlSleepConditionVariableCS","0.199362","0","0","2.3773e-05","ntdll.dll","RtlSleepConditionVariableCS","[Unknown]","0x180068c30"
"func@0x18061df50","2.27647e-05","0","0","2.27647e-05","jvm.dll","func@0x18061df50","[Unknown]","0x18061df50"
"func@0x18061e1b0","0.0567255","0","0","0","jvm.dll","func@0x18061e1b0","[Unknown]","0x18061e1b0"
"WaitForSingleObjectEx","0","0.0558693","0","0","KERNELBASE.dll","WaitForSingleObjectEx","[Unknown]","0x1800348f0"
"func@0x1802134d0","0.0486697","0","0","0","jvm.dll","func@0x1802134d0","[Unknown]","0x1802134d0"
"func@0x1802138c0","0.0480945","0","0","0","jvm.dll","func@0x1802138c0","[Unknown]","0x1802138c0"
"func@0x18055abe0","0.0475237","0","0","0","jvm.dll","func@0x18055abe0","[Unknown]","0x18055abe0"
"func@0x180672c60","0.0466317","0","0","0","jvm.dll","func@0x180672c60","[Unknown]","0x180672c60"
"java::lang::AbstractStringBuilder::append","0.0449598","0","0","0","[Compiled Java code]","java::lang::AbstractStringBuilder::append(char[], int, int)","AbstractStringBuilder.java","0x1303d674cc0"
"func@0x1801b3d20","0.0433418","0","0","0","jvm.dll","func@0x1801b3d20","[Unknown]","0x1801b3d20"
"func@0x18055bd80","0.0335657","0","0","0","jvm.dll","func@0x18055bd80","[Unknown]","0x18055bd80"
"func@0x1806ab610","0","0.0324938","0","0","jvm.dll","func@0x1806ab610","[Unknown]","0x1806ab610"
"func@0x1808132f0","0","0.0324938","0","0","jvm.dll","func@0x1808132f0","[Unknown]","0x1808132f0"
"func@0x1806a8f30","0","0.0324938","0","0","jvm.dll","func@0x1806a8f30","[Unknown]","0x1806a8f30"
"func@0x1807c6430","0.0318292","0","0","0","jvm.dll","func@0x1807c6430","[Unknown]","0x1807c6430"
"func@0x1800bd7f0","0.0303872","0.000857374","0","0","jvm.dll","func@0x1800bd7f0","[Unknown]","0x1800bd7f0"
"func@0x1800bdd40","0.0303872","0","0","0","jvm.dll","func@0x1800bdd40","[Unknown]","0x1800bdd40"
"func@0x180039110","0.0303872","0","0","0","ntdll.dll","func@0x180039110","[Unknown]","0x180039110"
"func@0x18063eb20","0.0303872","0","0","0","jvm.dll","func@0x18063eb20","[Unknown]","0x18063eb20"
"func@0x180046434","0.0303872","0","0","0","ntdll.dll","func@0x180046434","[Unknown]","0x180046434"
"RtlFreeHeap","0.0303872","0","0","0","ntdll.dll","RtlFreeHeap","[Unknown]","0x18003aac0"
"func@0x1800465c0","0.0303872","0","0","0","ntdll.dll","func@0x1800465c0","[Unknown]","0x1800465c0"
"func@0x180046374","0.0303872","0","0","0","ntdll.dll","func@0x180046374","[Unknown]","0x180046374"
"func@0x180044afc","0.0303872","0","0","0","ntdll.dll","func@0x180044afc","[Unknown]","0x180044afc"
"func@0x18003bad4","0.0303872","0","0","0","ntdll.dll","func@0x18003bad4","[Unknown]","0x18003bad4"
"free_base","0.0303872","0","0","0","ucrtbase.dll","free_base","[Unknown]","0x1800137d0"
"jdk::internal::math::FloatingDecimal::getBinaryToASCIIConverter","0.0300975","0","0","0","[Compiled Java code]","jdk::internal::math::FloatingDecimal::getBinaryToASCIIConverter(float)","FloatingDecimal.java","0x1303d6c79a0"
"java::lang::AbstractStringBuilder::ensureCapacityInternal","0.0292781","0","0","0","[Compiled Java code]","java::lang::AbstractStringBuilder::ensureCapacityInternal(int)","AbstractStringBuilder.java","0x1303d601a40"
"func@0x180003bd0","0.028661","0","0","0","amplxe_tpssmrte_javaprof_1.0.dll","func@0x180003bd0","[Unknown]","0x180003bd0"
"func@0x180652e80","0","0.0237297","0","0","jvm.dll","func@0x180652e80","[Unknown]","0x180652e80"
"func@0x180651880","0","0.0237297","0","0","jvm.dll","func@0x180651880","[Unknown]","0x180651880"
"func@0x18013ff30","0","0.0237297","0","0","jvm.dll","func@0x18013ff30","[Unknown]","0x18013ff30"
"func@0x1801f1930","0","0.0237297","0","0","jvm.dll","func@0x1801f1930","[Unknown]","0x1801f1930"
"func@0x18069a9b0","0.0193728","0","0","0","jvm.dll","func@0x18069a9b0","[Unknown]","0x18069a9b0"
"func@0x18007237c","0.0177016","0","0","0","amplxe_tpssmrte_javaprof_1.0.dll","func@0x18007237c","[Unknown]","0x18007237c"
"func@0x180077588","0.0177016","0","0","0","amplxe_tpssmrte_javaprof_1.0.dll","func@0x180077588","[Unknown]","0x180077588"
"func@0x1800309f4","0.0177016","0","0","0","amplxe_tpssmrte_javaprof_1.0.dll","func@0x1800309f4","[Unknown]","0x1800309f4"
"func@0x180039298","0.0177016","0","0","0","amplxe_tpssmrte_javaprof_1.0.dll","func@0x180039298","[Unknown]","0x180039298"
"func@0x180037294","0.0177016","0","0","0","amplxe_tpssmrte_javaprof_1.0.dll","func@0x180037294","[Unknown]","0x180037294"
"func@0x1800479a0","0.0177016","0","0","0","amplxe_tpssmrte_javaprof_1.0.dll","func@0x1800479a0","[Unknown]","0x1800479a0"
"func@0x180001d80","0.0177016","0","0","0","amplxe_tpssmrte_javaprof_1.0.dll","func@0x180001d80","[Unknown]","0x180001d80"
"func@0x180072197","0.0177016","0","0","0","amplxe_tpssmrte_javaprof_1.0.dll","func@0x180072197","[Unknown]","0x180072197"
"func@0x18003b0d8","0.0177016","0","0","0","amplxe_tpssmrte_javaprof_1.0.dll","func@0x18003b0d8","[Unknown]","0x18003b0d8"
"func@0x1804fae4f","0.0131667","0.00244574","0","0","jvm.dll","func@0x1804fae4f","[Unknown]","0x1804fae4f"
"func@0x1804faae0","0.0131667","0.00244574","0","0","jvm.dll","func@0x1804faae0","[Unknown]","0x1804faae0"
"java::io::FileInputStream::read","0.0150599","0","0","0","[Compiled Java code]","java::io::FileInputStream::read(byte[], int, int)","FileInputStream.java","0x1303d66e0a0"
"java::io::FileInputStream::readBytes","0.0150599","0","0","0","[Compiled Java code]","java::io::FileInputStream::readBytes(byte[], int, int)","FileInputStream.java","0x130450ed120"
"sun::nio::cs::StreamDecoder::readBytes","0.0150599","0","0","0","[Compiled Java code]","sun::nio::cs::StreamDecoder::readBytes()","StreamDecoder.java","0x1303d671820"
"sun::nio::cs::StreamDecoder::implRead","0.0150599","0","0","0","[Compiled Java code]","sun::nio::cs::StreamDecoder::implRead(char[], int, int)","StreamDecoder.java","0x1303d678cc0"
"sun::nio::cs::StreamDecoder::read","0.0150599","0","0","0","[Compiled Java code]","sun::nio::cs::StreamDecoder::read(char[], int, int)","StreamDecoder.java","0x1303d66ff00"
"java::io::InputStreamReader::read","0.0150599","0","0","0","[Compiled Java code]","java::io::InputStreamReader::read(char[], int, int)","InputStreamReader.java","0x1303d66f9c0"
"java::io::BufferedReader::fill","0.0150599","0","0","0","[Compiled Java code]","java::io::BufferedReader::fill()","BufferedReader.java","0x1303d673c00"
"sun::nio::cs::StreamEncoder::implWrite","0.0149635","0","0","0","[Compiled Java code]","sun::nio::cs::StreamEncoder::implWrite(java::nio::CharBuffer)","StreamEncoder.java","0x1303d6e8060"
"java::nio::charset::CharsetEncoder::encode","0.0149635","0","0","0","[Compiled Java code]","java::nio::charset::CharsetEncoder::encode(java::nio::CharBuffer, java::nio::ByteBuffer, boolean)","CharsetEncoder.java","0x1303d6d6020"
"sun::nio::cs::UTF_8$Encoder::encodeLoop","0.0149635","0","0","0","[Compiled Java code]","sun::nio::cs::UTF_8$Encoder::encodeLoop(java::nio::CharBuffer, java::nio::ByteBuffer)","UTF_8.java","0x1303d6d8260"
"sun::nio::cs::UTF_8$Encoder::encodeArrayLoop","0.0149635","0","0","0","[Compiled Java code]","sun::nio::cs::UTF_8$Encoder::encodeArrayLoop(java::nio::CharBuffer, java::nio::ByteBuffer)","UTF_8.java","0x1303d6d9120"
"java::lang::System$2::encodeASCII","0.0149635","0","0","0","[Compiled Java code]","java::lang::System$2::encodeASCII(char[], int, byte[], int, int)","System.java","0x1303d6d8b20"
"func@0x1800777cc","0.0177016","0","0","0","amplxe_tpssmrte_javaprof_1.0.dll","func@0x1800777cc","[Unknown]","0x1800777cc"
"java::io::OutputStreamWriter::write","0.0149635","0","0","0","[Compiled Java code]","java::io::OutputStreamWriter::write(char[], int, int)","OutputStreamWriter.java","0x1303d6e1240"
"java::io::BufferedWriter::flushBuffer","0.0149635","0","0","0","[Compiled Java code]","java::io::BufferedWriter::flushBuffer()","BufferedWriter.java","0x1303d6e0780"
"RtlUserThreadStart","4.24249","0.210018","0","0","ntdll.dll","RtlUserThreadStart","[Unknown]","0x18005aa30"
"DeoptimizationBlob","0","0.0149529","0","0","[Dynamic code]","DeoptimizationBlob","[Unknown]","0x13044b7a420"
"java::io::BufferedWriter::write","0","0.0149529","0","0","[Compiled Java code]","java::io::BufferedWriter::write(java::lang::String, int, int)","BufferedWriter.java","0x1303d6b8500"
"func@0x180672300","0.0147027","0","0","0","jvm.dll","func@0x180672300","[Unknown]","0x180672300"
"func@0x1800292c5","4.24249","0.210018","0","0","ucrtbase.dll","func@0x1800292c5","[Unknown]","0x1800292c5"
"func@0x1806719c0","0.0146694","0","0","0","jvm.dll","func@0x1806719c0","[Unknown]","0x1806719c0"
"BaseThreadInitThunk","4.24249","0.210018","0","0","KERNEL32.DLL","BaseThreadInitThunk","[Unknown]","0x180012560"
"func@0x1800050ac","3.75354","0.151703","0","0","jli.dll","func@0x1800050ac","[Unknown]","0x1800050ac"
"func@0x180553d70","0.013958","0","0","0","jvm.dll","func@0x180553d70","[Unknown]","0x180553d70"
"func@0x180553bb0","0.013958","0","0","0","jvm.dll","func@0x180553bb0","[Unknown]","0x180553bb0"
"call_stub","3.32244","0.0149529","0","0","[Dynamic code]","call_stub","[Unknown]","0x13044b20f57"
"func@0x180550cf0","0.013958","0","0","0","jvm.dll","func@0x180550cf0","[Unknown]","0x180550cf0"
"func@0x1806711f0","0.013958","0","0","0","jvm.dll","func@0x1806711f0","[Unknown]","0x1806711f0"
"func@0x180566260","0.013958","0","0","0","jvm.dll","func@0x180566260","[Unknown]","0x180566260"
"func@0x1803c5aef","3.0622","0.0149529","0","0","jvm.dll","func@0x1803c5aef","[Unknown]","0x1803c5aef"
"func@0x18031de10","0.0138925","0","0","0","jvm.dll","func@0x18031de10","[Unknown]","0x18031de10"
"func@0x18031ba50","0.0138925","0","0","0","jvm.dll","func@0x18031ba50","[Unknown]","0x18031ba50"
"func@0x18031b2a0","0.0138925","0","0","0","jvm.dll","func@0x18031b2a0","[Unknown]","0x18031b2a0"
"new_type_array Runtime1 stub","0.0137099","0","0","0","[Dynamic code]","new_type_array Runtime1 stub","[Unknown]","0x13044b8e700"
"org::start::MatrixMultiplication$M::readMatrixFromFile","0.571695","0","0","0","[Compiled Java code]","org::start::MatrixMultiplication$M::readMatrixFromFile(java::lang::String, int)","MatrixMultiplication.java","0x1303d652360"
"func@0x1807ba180","0","0.0136389","0","0","jvm.dll","func@0x1807ba180","[Unknown]","0x1807ba180"
"func@0x1807b38a0","0.488943","0.058315","0","0","jvm.dll","func@0x1807b38a0","[Unknown]","0x1807b38a0"
"func@0x18064b7d0","0.488943","0.058315","0","0","jvm.dll","func@0x18064b7d0","[Unknown]","0x18064b7d0"
"func@0x180350e60","0.0128771","0","0","0","jvm.dll","func@0x180350e60","[Unknown]","0x180350e60"
"func@0x1800bd700","0","0.0127816","0","0","jvm.dll","func@0x1800bd700","[Unknown]","0x1800bd700"
"func@0x1800bdb50","0","0.0127816","0","0","jvm.dll","func@0x1800bdb50","[Unknown]","0x1800bdb50"
"sun::nio::cs::StreamEncoder::write","0.0149635","0","0","0","[Compiled Java code]","sun::nio::cs::StreamEncoder::write(char[], int, int)","StreamEncoder.java","0x1303d6e1740"
"func@0x1807b937f","0.48516","0.0485785","0","0","jvm.dll","func@0x1807b937f","[Unknown]","0x1807b937f"
"func@0x180002dc0","0.0100029","0.00244574","0","0","amplxe_tpssmrte_javaprof_1.0.dll","func@0x180002dc0","[Unknown]","0x180002dc0"
"func@0x1801a8ef0","0.0124351","0","0","0","jvm.dll","func@0x1801a8ef0","[Unknown]","0x1801a8ef0"
"func@0x1807c57e0","0.0124351","0","0","0","jvm.dll","func@0x1807c57e0","[Unknown]","0x1807c57e0"
"func@0x180217a40","0.418985","0.0461328","0","0","jvm.dll","func@0x180217a40","[Unknown]","0x180217a40"
"func@0x1805dfcb0","0.0121641","0","0","0","jvm.dll","func@0x1805dfcb0","[Unknown]","0x1805dfcb0"
"func@0x1805e1b50","0.0121641","0","0","0","jvm.dll","func@0x1805e1b50","[Unknown]","0x1805e1b50"
"func@0x1802193c0","0.276323","0.0461328","0","0","jvm.dll","func@0x1802193c0","[Unknown]","0x1802193c0"
"func@0x1801c1ad0","0.0119608","0","0","0","jvm.dll","func@0x1801c1ad0","[Unknown]","0x1801c1ad0"
"func@0x1801c1a00","0.0119608","0","0","0","jvm.dll","func@0x1801c1a00","[Unknown]","0x1801c1a00"
"func@0x1801c6b60","0.0119608","0","0","0","jvm.dll","func@0x1801c6b60","[Unknown]","0x1801c6b60"
"func@0x180209830","0.253797","0.0452754","0","0","jvm.dll","func@0x180209830","[Unknown]","0x180209830"
"func@0x18019a6a0","0.253797","0.0452754","0","0","jvm.dll","func@0x18019a6a0","[Unknown]","0x18019a6a0"
"func@0x18055db70","0.0114011","0","0","0","jvm.dll","func@0x18055db70","[Unknown]","0x18055db70"
"func@0x18064c090","0.199388","0","0","0","jvm.dll","func@0x18064c090","[Unknown]","0x18064c090"
"func@0x18029d38e","0.00236482","0.00872277","0","0","jvm.dll","func@0x18029d38e","[Unknown]","0x18029d38e"
"func@0x180663630","0.00236482","0.00872277","0","0","jvm.dll","func@0x180663630","[Unknown]","0x180663630"
"func@0x18065c56d","0.00236482","0.00872277","0","0","jvm.dll","func@0x18065c56d","[Unknown]","0x18065c56d"
"func@0x18065b970","0.00236482","0.00872277","0","0","jvm.dll","func@0x18065b970","[Unknown]","0x18065b970"
"func@0x180659570","0.00236482","0.00872277","0","0","jvm.dll","func@0x180659570","[Unknown]","0x180659570"
"func@0x18019d6d0","0.00236482","0.00872277","0","0","jvm.dll","func@0x18019d6d0","[Unknown]","0x18019d6d0"
"func@0x18019e080","0.00236482","0.00872277","0","0","jvm.dll","func@0x18019e080","[Unknown]","0x18019e080"
"func@0x18082ec50","0","0.00973649","0","0","jvm.dll","func@0x18082ec50","[Unknown]","0x18082ec50"
"func@0x18082ebc0","0","0.00973649","0","0","jvm.dll","func@0x18082ebc0","[Unknown]","0x18082ebc0"
"_new_array_nozero_Java","0.00942605","0","0","0","[Dynamic code]","_new_array_nozero_Java","[Unknown]","0x13044b8ba80"
"java::lang::String::substring","0.00942605","0","0","0","[Compiled Java code]","java::lang::String::substring(int, int)","String.java","0x1303d60a780"
"java::util::Arrays::copyOfRange","0.00942605","0","0","0","[Compiled Java code]","java::util::Arrays::copyOfRange(byte[], int, int)","Arrays.java","0x1303d607980"
"func@0x18020ae00","0.129859","0.0365113","0","0","jvm.dll","func@0x18020ae00","[Unknown]","0x18020ae00"
"java::lang::StringLatin1::newString","0.00942605","0","0","0","[Compiled Java code]","java::lang::StringLatin1::newString(byte[], int, int)","StringLatin1.java","0x1303d60a060"
"func@0x1801c35f0","0","0.00872277","0","0","jvm.dll","func@0x1801c35f0","[Unknown]","0x1801c35f0"
"java::lang::String::split","0.15187","0","0","0","[Compiled Java code]","java::lang::String::split(java::lang::String, int)","String.java","0x1303d686f40"
"func@0x18012e480","0.00617215","0","0","0","jvm.dll","func@0x18012e480","[Unknown]","0x18012e480"
"func@0x18012f680","0.00617215","0","0","0","jvm.dll","func@0x18012f680","[Unknown]","0x18012f680"
"func@0x18012d860","0.00617215","0","0","0","jvm.dll","func@0x18012d860","[Unknown]","0x18012d860"
"func@0x18012e2c0","0.00617215","0","0","0","jvm.dll","func@0x18012e2c0","[Unknown]","0x18012e2c0"
"func@0x18012def0","0.00617215","0","0","0","jvm.dll","func@0x18012def0","[Unknown]","0x18012def0"
"func@0x180141bf0","0.00617215","0","0","0","jvm.dll","func@0x180141bf0","[Unknown]","0x180141bf0"
"func@0x1801324d0","0.00617215","0","0","0","jvm.dll","func@0x1801324d0","[Unknown]","0x1801324d0"
"func@0x1800626dc","0.00527426","0","0","0","amplxe_tpssmrte_javaprof_1.0.dll","func@0x1800626dc","[Unknown]","0x1800626dc"
"func@0x180030144","0.00527426","0","0","0","amplxe_tpssmrte_javaprof_1.0.dll","func@0x180030144","[Unknown]","0x180030144"
"func@0x180030214","0.00527426","0","0","0","amplxe_tpssmrte_javaprof_1.0.dll","func@0x180030214","[Unknown]","0x180030214"
"func@0x1800627c8","0.00527426","0","0","0","amplxe_tpssmrte_javaprof_1.0.dll","func@0x1800627c8","[Unknown]","0x1800627c8"
"java::lang::String::split","0.15187","0","0","0","[Compiled Java code]","java::lang::String::split(java::lang::String)","String.java","0x1303d6867a0"
"func@0x18006233c","0.00527426","0","0","0","amplxe_tpssmrte_javaprof_1.0.dll","func@0x18006233c","[Unknown]","0x18006233c"
"func@0x18002fd54","0.00527426","0","0","0","amplxe_tpssmrte_javaprof_1.0.dll","func@0x18002fd54","[Unknown]","0x18002fd54"
"func@0x1800301bf","0.00527426","0","0","0","amplxe_tpssmrte_javaprof_1.0.dll","func@0x1800301bf","[Unknown]","0x1800301bf"
"func@0x180218210","0.142663","0","0","0","jvm.dll","func@0x180218210","[Unknown]","0x180218210"
"func@0x18061e0e0","0.142663","0","0","0","jvm.dll","func@0x18061e0e0","[Unknown]","0x18061e0e0"
"func@0x1801b1da0","0.00429778","0","0","0","jvm.dll","func@0x1801b1da0","[Unknown]","0x1801b1da0"
"func@0x18001b760","0","0.136739","0","0","amplxe_tpssmrte_javaprof_1.0.dll","func@0x18001b760","[Unknown]","0x18001b760"
"func@0x18020ed70","0.00339238","0","0","0","jvm.dll","func@0x18020ed70","[Unknown]","0x18020ed70"
"func@0x180138970","0.00328989","0","0","0","jvm.dll","func@0x180138970","[Unknown]","0x180138970"
"func@0x1801377d0","0.00328989","0","0","0","jvm.dll","func@0x1801377d0","[Unknown]","0x1801377d0"
"func@0x180186b80","0.00328989","0","0","0","jvm.dll","func@0x180186b80","[Unknown]","0x180186b80"
"func@0x180015c90","0","0.136739","0","0","amplxe_tpssmrte_javaprof_1.0.dll","func@0x180015c90","[Unknown]","0x180015c90"
"func@0x180138830","0.00328989","0","0","0","jvm.dll","func@0x180138830","[Unknown]","0x180138830"
"func@0x180004600","0","0.136739","0","0","amplxe_tpssmrte_javaprof_1.0.dll","func@0x180004600","[Unknown]","0x180004600"
"func@0x1804ab0e0","0.00316379","0","0","0","jvm.dll","func@0x1804ab0e0","[Unknown]","0x1804ab0e0"
"func@0x1800b7d60","0.00316379","0","0","0","jvm.dll","func@0x1800b7d60","[Unknown]","0x1800b7d60"
"func@0x18065bf40","0","0.00872277","0","0","jvm.dll","func@0x18065bf40","[Unknown]","0x18065bf40"
"malloc_base","0.00316379","0","0","0","ucrtbase.dll","malloc_base","[Unknown]","0x180011ad0"
"func@0x18003c690","0.00316379","0","0","0","ntdll.dll","func@0x18003c690","[Unknown]","0x18003c690"
"func@0x1801b1340","0.103802","0.0127816","0","0","jvm.dll","func@0x1801b1340","[Unknown]","0x1801b1340"
"func@0x1801455e0","0.00288226","0","0","0","jvm.dll","func@0x1801455e0","[Unknown]","0x1801455e0"
"func@0x1801456b0","0.00288226","0","0","0","jvm.dll","func@0x1801456b0","[Unknown]","0x1801456b0"
"func@0x18020bcb0","0.109613","4.13723e-05","0","0","jvm.dll","func@0x18020bcb0","[Unknown]","0x18020bcb0"
"func@0x18062c8b0","0.00254329","0","0","0","jvm.dll","func@0x18062c8b0","[Unknown]","0x18062c8b0"
"java::lang::Float::parseFloat","0.0746479","0","0","0","[Compiled Java code]","java::lang::Float::parseFloat(java::lang::String)","Float.java","0x1303d62dec0"
"func@0x180001ba0","0","0.00244574","0","0","amplxe_tpssmrte_javaprof_1.0.dll","func@0x180001ba0","[Unknown]","0x180001ba0"
"func@0x18065f6f0","0.00236482","0","0","0","jvm.dll","func@0x18065f6f0","[Unknown]","0x18065f6f0"
"func@0x18065fb30","0.00236482","0","0","0","jvm.dll","func@0x18065fb30","[Unknown]","0x18065fb30"
"func@0x1806621f4","0.00236482","0","0","0","jvm.dll","func@0x1806621f4","[Unknown]","0x1806621f4"
"func@0x180332000","0.00236482","0","0","0","jvm.dll","func@0x180332000","[Unknown]","0x180332000"
"func@0x1806ae0f0","0.0661748","0.00244574","0","0","jvm.dll","func@0x1806ae0f0","[Unknown]","0x1806ae0f0"
"func@0x180005ca0","0.00201035","0","0","0","amplxe_tpssmrte_javaprof_1.0.dll","func@0x180005ca0","[Unknown]","0x180005ca0"
"func@0x180309350","0.00123992","0","0","0","jvm.dll","func@0x180309350","[Unknown]","0x180309350"
"func@0x18022b5a0","0.00123992","0","0","0","jvm.dll","func@0x18022b5a0","[Unknown]","0x18022b5a0"
"java::io::BufferedReader::readLine","0.0597173","0","0","0","[Compiled Java code]","java::io::BufferedReader::readLine()","BufferedReader.java","0x1303d6863c0"
"func@0x1801b7a80","0.00121363","0","0","0","jvm.dll","func@0x1801b7a80","[Unknown]","0x1801b7a80"
"func@0x1800bd430","0","0.000857374","0","0","jvm.dll","func@0x1800bd430","[Unknown]","0x1800bd430"
"func@0x1800bda20","0","0.000857374","0","0","jvm.dll","func@0x1800bda20","[Unknown]","0x1800bda20"
"func@0x180645d80","4.30329e-05","0","0","0","jvm.dll","func@0x180645d80","[Unknown]","0x180645d80"
"func@0x180671760","0.0586971","0","0","0","jvm.dll","func@0x180671760","[Unknown]","0x180671760"
"GetThreadTimes","4.30329e-05","0","0","0","KERNELBASE.dll","GetThreadTimes","[Unknown]","0x18006d0f0"
"func@0x1803042b0","4.30329e-05","0","0","0","jvm.dll","func@0x1803042b0","[Unknown]","0x1803042b0"
"func@0x18066dd20","0","4.13723e-05","0","0","jvm.dll","func@0x18066dd20","[Unknown]","0x18066dd20"
"func@0x18021a840","0","4.13723e-05","0","0","jvm.dll","func@0x18021a840","[Unknown]","0x18021a840"
"func@0x180787810","2.27647e-05","0","0","0","jvm.dll","func@0x180787810","[Unknown]","0x180787810"
"func@0x18063f3f0","0.00316379","0","0","0","jvm.dll","func@0x18063f3f0","[Unknown]","0x18063f3f0"
